{"cameraMode":{"drawMode":0,"name":"Shaded","section":"Shading Mode"},"sceneLighting":true,"audioPlay":false,"sceneViewState":{"m_AlwaysRefresh":false,"showFog":true,"showSkybox":true,"showFlares":true,"showImageEffects":true,"showParticleSystems":true,"showVisualEffectGraphs":true,"m_FxEnabled":true},"in2DMode":false,"pivot":{"x":-0.5891314744949341,"y":-1.893030047416687,"z":-0.6148746013641357},"rotation":{"x":0.4293612539768219,"y":0.010381486266851426,"z":-0.0049347057938575748,"w":0.9030756950378418},"size":7.0053324699401859,"orthographic":false}